Category,logical_consistency_baseline,logical_consistency_fine_tuned,logical_consistency_improvement,stepwise_correctness_baseline,stepwise_correctness_fine_tuned,stepwise_correctness_improvement,hallucination_penalty_baseline,hallucination_penalty_fine_tuned,hallucination_penalty_improvement,answer_correctness_baseline,answer_correctness_fine_tuned,answer_correctness_improvement,overall_reward_baseline,overall_reward_fine_tuned,overall_reward_improvement
Applied Mathematics,0.3566666666666667,0.4266666666666667,0.07,0.29333333333333333,0.355,0.06166666666666665,0.18999999999999997,0.17499999999999996,-0.015000000000000013,0.24833333333333332,0.29500000000000004,0.04666666666666672,0.43666666666666676,0.4983333333333333,0.061666666666666536
Chemistry,0.3283333333333333,0.3966666666666667,0.06833333333333341,0.265,0.32166666666666666,0.05666666666666664,0.22,0.20666666666666667,-0.013333333333333336,0.22,0.26166666666666666,0.04166666666666666,0.40833333333333327,0.46666666666666673,0.05833333333333346
Computer Science,0.3566666666666667,0.4266666666666667,0.07,0.29333333333333333,0.35333333333333333,0.06,0.19166666666666665,0.17833333333333332,-0.013333333333333336,0.24833333333333332,0.29500000000000004,0.04666666666666672,0.43666666666666676,0.4983333333333333,0.061666666666666536
Mathematics,0.3466666666666667,0.41666666666666674,0.07000000000000006,0.2833333333333334,0.3433333333333333,0.05999999999999994,0.20166666666666666,0.18833333333333332,-0.013333333333333336,0.2383333333333333,0.2833333333333334,0.04500000000000007,0.42500000000000004,0.48666666666666664,0.06166666666666659
Other,0.3466666666666667,0.41666666666666674,0.07000000000000006,0.2833333333333334,0.3433333333333333,0.05999999999999994,0.20166666666666666,0.18833333333333332,-0.013333333333333336,0.2383333333333333,0.2833333333333334,0.04500000000000007,0.42500000000000004,0.48666666666666664,0.06166666666666659
Physics,0.33666666666666667,0.4066666666666667,0.07,0.2733333333333334,0.3333333333333333,0.05999999999999994,0.20833333333333334,0.19166666666666665,-0.01666666666666669,0.2283333333333333,0.2733333333333334,0.04500000000000007,0.415,0.4766666666666666,0.06166666666666665
Trivia,0.31833333333333336,0.38666666666666666,0.0683333333333333,0.255,0.3116666666666667,0.0566666666666667,0.22999999999999998,0.21666666666666667,-0.013333333333333308,0.21,0.25166666666666665,0.04166666666666666,0.3983333333333334,0.4566666666666666,0.05833333333333324
