Metric,Flan-T5-Small_fine_tuned,GPT-2_baseline,TinyLlama-1.1B_fine_tuned,Phi-2_fine_tuned,StableLM-3B_baseline,Flan-T5-Small_baseline,OPT-1.3B_fine_tuned,OPT-1.3B_baseline,TinyLlama-1.1B_baseline,StableLM-3B_fine_tuned,Phi-2_baseline,GPT-2_fine_tuned
logical_consistency,0.318104,0.263982,0.382401,0.538301,0.419921,0.278401,0.366101,0.317801,0.321801,0.470104,0.478501,0.283921
stepwise_correctness,0.261991,0.192104,0.324101,0.482801,0.352601,0.221812,0.355101,0.284901,0.252991,0.412921,0.402301,0.222389
hallucination_penalty,0.238781,0.251501,0.158401,0.122401,0.179701,0.233289,0.177101,0.202301,0.198101,0.199601,0.153101,0.231502
answer_correctness,0.218801,0.162789,0.262701,0.428301,0.296921,0.188921,0.252101,0.212501,0.222101,0.346501,0.348101,0.182991
overall_reward,0.371045,0.312104,0.467591,0.692301,0.541492,0.323781,0.448101,0.373701,0.387921,0.601601,0.621921,0.342215
